dataset,scenario,model,config,status,n_rows,n_aug_cols,n_cells,n_null,null_rate
airlines_review,causal_improve_singapore,haiku,skill_off_update,OK,900,6,5400,0,0.0
airlines_review,causal_improve_singapore,sonnet,skill_off_update,OK,900,6,5400,580,0.1074
airlines_review,causal_improve_singapore,haiku,skill_on_e2e,OK,900,7,6300,1034,0.1641
airlines_review,causal_improve_singapore,sonnet,skill_on_e2e,OK,900,9,8100,702,0.0867
airlines_review,causal_improve_singapore,haiku,skill_on,OK,900,9,8100,329,0.0406
airlines_review,causal_improve_singapore,sonnet,skill_on,OK,900,3,2700,254,0.0941
airlines_review,causal_qatar_business,haiku,skill_off_update,OK,592,7,4144,0,0.0
airlines_review,causal_qatar_business,sonnet,skill_off_update,OK,592,7,4144,0,0.0
airlines_review,causal_qatar_business,haiku,skill_on_e2e,OK,592,5,2960,329,0.1111
airlines_review,causal_qatar_business,sonnet,skill_on_e2e,OK,592,8,4736,1902,0.4016
airlines_review,causal_qatar_business,haiku,skill_on,OK,592,7,4144,755,0.1822
airlines_review,causal_qatar_business,sonnet,skill_on,OK,592,9,5328,3091,0.5801
airlines_review,concept_advantage_attributes,haiku,skill_off_update,OK,899,3,2697,230,0.0853
airlines_review,concept_advantage_attributes,sonnet,skill_off_update,OK,899,10,8990,10,0.0011
airlines_review,concept_advantage_attributes,haiku,skill_on_e2e,OK,899,12,10788,1302,0.1207
airlines_review,concept_advantage_attributes,sonnet,skill_on_e2e,OK,899,6,5394,981,0.1819
airlines_review,concept_advantage_attributes,haiku,skill_on,OK,899,7,6293,776,0.1233
airlines_review,concept_advantage_attributes,sonnet,skill_on,OK,899,8,7192,751,0.1044
airlines_review,concept_key_focus_points,haiku,skill_off_update,OK,900,4,3600,0,0.0
airlines_review,concept_key_focus_points,sonnet,skill_off_update,OK,900,5,4500,252,0.056
airlines_review,concept_key_focus_points,haiku,skill_on_e2e,OK,900,9,8100,1652,0.204
airlines_review,concept_key_focus_points,sonnet,skill_on_e2e,OK,900,7,6300,3019,0.4792
airlines_review,concept_key_focus_points,haiku,skill_on,OK,900,5,4500,644,0.1431
airlines_review,concept_key_focus_points,sonnet,skill_on,OK,900,8,7200,1469,0.204
airlines_review,eda_rating_drivers,haiku,skill_off_update,OK,900,12,10800,0,0.0
airlines_review,eda_rating_drivers,sonnet,skill_off_update,OK,900,12,10800,0,0.0
airlines_review,eda_rating_drivers,haiku,skill_on_e2e,OK,900,7,6300,615,0.0976
airlines_review,eda_rating_drivers,sonnet,skill_on_e2e,OK,900,9,8100,1232,0.1521
airlines_review,eda_rating_drivers,haiku,skill_on,OK,900,6,5400,1248,0.2311
airlines_review,eda_rating_drivers,sonnet,skill_on,OK,900,9,8100,598,0.0738
airlines_review,focus_inference,haiku,skill_off_update,OK,900,8,7200,0,0.0
airlines_review,focus_inference,sonnet,skill_off_update,OK,900,3,2700,0,0.0
airlines_review,focus_inference,haiku,skill_on_e2e,OK,900,6,5400,1060,0.1963
airlines_review,focus_inference,sonnet,skill_on_e2e,OK,900,11,9900,3043,0.3074
airlines_review,focus_inference,haiku,skill_on,OK,900,7,6300,243,0.0386
airlines_review,focus_inference,sonnet,skill_on,OK,900,7,6300,2299,0.3649
airlines_review,prediction_cathay_rating_model,haiku,skill_off_update,OK,744,10,7440,0,0.0
airlines_review,prediction_cathay_rating_model,sonnet,skill_off_update,OK,744,6,4464,0,0.0
airlines_review,prediction_cathay_rating_model,haiku,skill_on_e2e,OK,744,7,5208,772,0.1482
airlines_review,prediction_cathay_rating_model,sonnet,skill_on_e2e,OK,744,9,6696,2203,0.329
airlines_review,prediction_cathay_rating_model,haiku,skill_on,OK,744,8,5952,973,0.1635
airlines_review,prediction_cathay_rating_model,sonnet,skill_on,OK,744,10,7440,1175,0.1579
airlines_review,prediction_satisfaction_drivers,haiku,skill_off_update,OK,900,9,8100,0,0.0
airlines_review,prediction_satisfaction_drivers,sonnet,skill_off_update,OK,900,7,6300,0,0.0
airlines_review,prediction_satisfaction_drivers,haiku,skill_on_e2e,OK,900,6,5400,1052,0.1948
airlines_review,prediction_satisfaction_drivers,sonnet,skill_on_e2e,OK,900,5,4500,322,0.0716
airlines_review,prediction_satisfaction_drivers,haiku,skill_on,OK,900,6,5400,865,0.1602
airlines_review,prediction_satisfaction_drivers,sonnet,skill_on,OK,900,10,9000,1678,0.1864
airlines_review,whatif_service_complaints,haiku,skill_off_update,OK,900,2,1800,0,0.0
airlines_review,whatif_service_complaints,sonnet,skill_off_update,OK,900,2,1800,0,0.0
airlines_review,whatif_service_complaints,haiku,skill_on_e2e,OK,900,7,6300,83,0.0132
airlines_review,whatif_service_complaints,sonnet,skill_on_e2e,OK,900,8,7200,674,0.0936
airlines_review,whatif_service_complaints,haiku,skill_on,OK,900,7,6300,0,0.0
airlines_review,whatif_service_complaints,sonnet,skill_on,OK,900,4,3600,337,0.0936
amazon_fine_food_review,causal_low_score_attribution,haiku,skill_off_update,OK,10000,10,100000,0,0.0
amazon_fine_food_review,causal_low_score_attribution,sonnet,skill_off_update,OK,10000,15,150000,0,0.0
amazon_fine_food_review,causal_low_score_attribution,haiku,skill_on_e2e,OK,10000,1,10000,9209,0.9209
amazon_fine_food_review,causal_low_score_attribution,sonnet,skill_on_e2e,OK,10000,2,20000,8,0.0004
amazon_fine_food_review,causal_low_score_attribution,haiku,skill_on,OK,10000,2,20000,18721,0.9361
amazon_fine_food_review,causal_low_score_attribution,sonnet,skill_on,OK,10000,7,70000,25885,0.3698
amazon_fine_food_review,causal_whatif_helpfulness,haiku,skill_off_update,OK,10000,2,20000,0,0.0
amazon_fine_food_review,causal_whatif_helpfulness,sonnet,skill_off_update,OK,10000,4,40000,1933,0.0483
amazon_fine_food_review,causal_whatif_helpfulness,haiku,skill_on_e2e,OK,10000,15,150000,951,0.0063
amazon_fine_food_review,causal_whatif_helpfulness,sonnet,skill_on_e2e,OK,10000,10,100000,17037,0.1704
amazon_fine_food_review,causal_whatif_helpfulness,haiku,skill_on,OK,10000,14,140000,6628,0.0473
amazon_fine_food_review,causal_whatif_helpfulness,sonnet,skill_on,OK,10000,11,110000,14,0.0001
amazon_fine_food_review,concept_focus_inference,haiku,skill_off_update,OK,10000,7,70000,0,0.0
amazon_fine_food_review,concept_focus_inference,sonnet,skill_off_update,OK,10000,10,100000,4878,0.0488
amazon_fine_food_review,concept_focus_inference,haiku,skill_on_e2e,OK,10000,5,50000,10994,0.2199
amazon_fine_food_review,concept_focus_inference,sonnet,skill_on_e2e,OK,10000,8,80000,33372,0.4172
amazon_fine_food_review,concept_focus_inference,haiku,skill_on,OK,10000,3,30000,50,0.0017
amazon_fine_food_review,concept_focus_inference,sonnet,skill_on,OK,10000,9,90000,24484,0.272
amazon_fine_food_review,concept_food_quality_facets,haiku,skill_off_update,OK,10000,10,100000,0,0.0
amazon_fine_food_review,concept_food_quality_facets,sonnet,skill_off_update,OK,10000,9,90000,1222,0.0136
amazon_fine_food_review,concept_food_quality_facets,haiku,skill_on_e2e,OK,10000,1,10000,309,0.0309
amazon_fine_food_review,concept_food_quality_facets,sonnet,skill_on_e2e,OK,10000,4,40000,7237,0.1809
amazon_fine_food_review,concept_food_quality_facets,haiku,skill_on,OK,10000,2,20000,16633,0.8317
amazon_fine_food_review,concept_food_quality_facets,sonnet,skill_on,OK,10000,4,40000,5400,0.135
amazon_fine_food_review,eda_product_attributes,haiku,skill_off_update,OK,10000,9,90000,0,0.0
amazon_fine_food_review,eda_product_attributes,sonnet,skill_off_update,OK,10000,16,160000,961,0.006
amazon_fine_food_review,eda_product_attributes,haiku,skill_on_e2e,OK,10000,2,20000,72,0.0036
amazon_fine_food_review,eda_product_attributes,sonnet,skill_on_e2e,OK,10000,8,80000,43419,0.5427
amazon_fine_food_review,eda_product_attributes,haiku,skill_on,OK,10000,10,100000,8469,0.0847
amazon_fine_food_review,eda_product_attributes,sonnet,skill_on,OK,10000,7,70000,4421,0.0632
amazon_fine_food_review,focus_inference,haiku,skill_off_update,OK,10000,5,50000,0,0.0
amazon_fine_food_review,focus_inference,sonnet,skill_off_update,OK,10000,7,70000,5912,0.0845
amazon_fine_food_review,focus_inference,haiku,skill_on_e2e,OK,10000,9,90000,12142,0.1349
amazon_fine_food_review,focus_inference,sonnet,skill_on_e2e,OK,10000,9,90000,21025,0.2336
amazon_fine_food_review,focus_inference,haiku,skill_on,OK,10000,7,70000,111,0.0016
amazon_fine_food_review,focus_inference,sonnet,skill_on,OK,10000,13,130000,31256,0.2404
amazon_fine_food_review,predictive_score_features,haiku,skill_off_update,OK,10000,11,110000,0,0.0
amazon_fine_food_review,predictive_score_features,sonnet,skill_off_update,OK,10000,10,100000,0,0.0
amazon_fine_food_review,predictive_score_features,haiku,skill_on_e2e,OK,10000,7,70000,3995,0.0571
amazon_fine_food_review,predictive_score_features,sonnet,skill_on_e2e,OK,10000,18,180000,59158,0.3287
amazon_fine_food_review,predictive_score_features,haiku,skill_on,OK,10000,3,30000,1721,0.0574
amazon_fine_food_review,predictive_score_features,sonnet,skill_on,OK,10000,16,160000,32283,0.2018
amazon_polarity_reviews,causal_improve,haiku,skill_off_update,OK,250,3,750,0,0.0
amazon_polarity_reviews,causal_improve,sonnet,skill_off_update,OK,250,4,1000,0,0.0
amazon_polarity_reviews,causal_improve,haiku,skill_on_e2e,OK,250,5,1250,2,0.0016
amazon_polarity_reviews,causal_improve,sonnet,skill_on_e2e,OK,250,6,1500,82,0.0547
amazon_polarity_reviews,causal_improve,haiku,skill_on,OK,250,7,1750,799,0.4566
amazon_polarity_reviews,causal_improve,sonnet,skill_on,OK,250,6,1500,766,0.5107
amazon_polarity_reviews,causal_negative_drivers,haiku,skill_off_update,OK,250,4,1000,0,0.0
amazon_polarity_reviews,causal_negative_drivers,sonnet,skill_off_update,OK,250,10,2500,0,0.0
amazon_polarity_reviews,causal_negative_drivers,haiku,skill_on_e2e,OK,250,13,3250,2497,0.7683
amazon_polarity_reviews,causal_negative_drivers,sonnet,skill_on_e2e,OK,250,6,1500,1,0.0007
amazon_polarity_reviews,causal_negative_drivers,haiku,skill_on,OK,250,5,1250,0,0.0
amazon_polarity_reviews,causal_negative_drivers,sonnet,skill_on,OK,250,7,1750,643,0.3674
amazon_polarity_reviews,concept_attribute_praise,haiku,skill_off_update,OK,250,5,1250,0,0.0
amazon_polarity_reviews,concept_attribute_praise,sonnet,skill_off_update,OK,250,8,2000,0,0.0
amazon_polarity_reviews,concept_attribute_praise,haiku,skill_on_e2e,OK,250,8,2000,1146,0.573
amazon_polarity_reviews,concept_attribute_praise,sonnet,skill_on_e2e,OK,250,10,2500,642,0.2568
amazon_polarity_reviews,concept_attribute_praise,haiku,skill_on,OK,250,5,1250,183,0.1464
amazon_polarity_reviews,concept_attribute_praise,sonnet,skill_on,OK,250,9,2250,650,0.2889
amazon_polarity_reviews,focus_inference,haiku,skill_off_update,OK,250,3,750,0,0.0
amazon_polarity_reviews,focus_inference,sonnet,skill_off_update,OK,250,9,2250,0,0.0
amazon_polarity_reviews,focus_inference,haiku,skill_on_e2e,OK,250,5,1250,0,0.0
amazon_polarity_reviews,focus_inference,sonnet,skill_on_e2e,OK,250,6,1500,317,0.2113
amazon_polarity_reviews,focus_inference,haiku,skill_on,OK,250,5,1250,0,0.0
amazon_polarity_reviews,focus_inference,sonnet,skill_on,OK,250,8,2000,803,0.4015
amazon_polarity_reviews,predictive_negative,haiku,skill_off_update,OK,250,12,3000,0,0.0
amazon_polarity_reviews,predictive_negative,sonnet,skill_off_update,OK,250,11,2750,0,0.0
amazon_polarity_reviews,predictive_negative,haiku,skill_on_e2e,OK,250,17,4250,2,0.0005
amazon_polarity_reviews,predictive_negative,sonnet,skill_on_e2e,OK,250,8,2000,761,0.3805
amazon_polarity_reviews,predictive_negative,haiku,skill_on,OK,250,7,1750,1,0.0006
amazon_polarity_reviews,predictive_negative,sonnet,skill_on,OK,250,9,2250,221,0.0982
amazon_polarity_reviews,predictive_sentiment,haiku,skill_off_update,OK,250,7,1750,0,0.0
amazon_polarity_reviews,predictive_sentiment,sonnet,skill_off_update,OK,250,9,2250,0,0.0
amazon_polarity_reviews,predictive_sentiment,haiku,skill_on_e2e,OK,250,8,2000,489,0.2445
amazon_polarity_reviews,predictive_sentiment,sonnet,skill_on_e2e,OK,250,9,2250,460,0.2044
amazon_polarity_reviews,predictive_sentiment,haiku,skill_on,OK,250,5,1250,4,0.0032
amazon_polarity_reviews,predictive_sentiment,sonnet,skill_on,OK,250,9,2250,467,0.2076
company_profile_location,causal_regional_clustering,haiku,skill_off_update,OK,199,4,796,0,0.0
company_profile_location,causal_regional_clustering,sonnet,skill_off_update,OK,199,6,1194,0,0.0
company_profile_location,causal_regional_clustering,haiku,skill_on_e2e,OK,199,6,1194,0,0.0
company_profile_location,causal_regional_clustering,sonnet,skill_on_e2e,OK,199,6,1194,41,0.0343
company_profile_location,causal_regional_clustering,haiku,skill_on,OK,199,5,995,0,0.0
company_profile_location,causal_regional_clustering,sonnet,skill_on,OK,199,8,1592,180,0.1131
company_profile_location,concept_attribute_business,haiku,skill_off_update,OK,199,2,398,0,0.0
company_profile_location,concept_attribute_business,sonnet,skill_off_update,OK,199,2,398,0,0.0
company_profile_location,concept_attribute_business,haiku,skill_on_e2e,OK,199,5,995,71,0.0714
company_profile_location,concept_attribute_business,sonnet,skill_on_e2e,OK,199,6,1194,91,0.0762
company_profile_location,concept_attribute_business,haiku,skill_on,OK,199,3,597,0,0.0
company_profile_location,concept_attribute_business,sonnet,skill_on,OK,199,7,1393,182,0.1307
company_profile_location,concept_attribute_focus,haiku,skill_off_update,OK,199,3,597,0,0.0
company_profile_location,concept_attribute_focus,sonnet,skill_off_update,OK,199,3,597,0,0.0
company_profile_location,concept_attribute_focus,haiku,skill_on_e2e,OK,199,5,995,15,0.0151
company_profile_location,concept_attribute_focus,sonnet,skill_on_e2e,OK,199,7,1393,83,0.0596
company_profile_location,concept_attribute_focus,haiku,skill_on,OK,199,4,796,0,0.0
company_profile_location,concept_attribute_focus,sonnet,skill_on,OK,199,6,1194,133,0.1114
company_profile_location,predictive_region,haiku,skill_off_update,OK,199,5,995,0,0.0
company_profile_location,predictive_region,sonnet,skill_off_update,OK,199,18,3582,0,0.0
company_profile_location,predictive_region,haiku,skill_on_e2e,OK,199,6,1194,95,0.0796
company_profile_location,predictive_region,sonnet,skill_on_e2e,OK,199,10,1990,145,0.0729
company_profile_location,predictive_region,haiku,skill_on,OK,199,4,796,0,0.0
company_profile_location,predictive_region,sonnet,skill_on,OK,199,7,1393,17,0.0122
company_profile_location,predictive_regional,haiku,skill_off_update,OK,199,26,5174,0,0.0
company_profile_location,predictive_regional,sonnet,skill_off_update,OK,199,5,995,0,0.0
company_profile_location,predictive_regional,haiku,skill_on_e2e,OK,199,4,796,0,0.0
company_profile_location,predictive_regional,sonnet,skill_on_e2e,OK,199,7,1393,57,0.0409
company_profile_location,predictive_regional,haiku,skill_on,OK,199,9,1791,64,0.0357
company_profile_location,predictive_regional,sonnet,skill_on,OK,199,8,1592,137,0.0861
company_profile_location,whatif_business_model,haiku,skill_off_update,OK,199,3,597,0,0.0
company_profile_location,whatif_business_model,sonnet,skill_off_update,OK,199,5,995,0,0.0
company_profile_location,whatif_business_model,haiku,skill_on_e2e,OK,199,6,1194,0,0.0
company_profile_location,whatif_business_model,sonnet,skill_on_e2e,OK,199,7,1393,37,0.0266
company_profile_location,whatif_business_model,haiku,skill_on,OK,199,5,995,0,0.0
company_profile_location,whatif_business_model,sonnet,skill_on,OK,199,8,1592,93,0.0584
customer_support_tickets,causal_handling,haiku,skill_off_update,OK,250,3,750,0,0.0
customer_support_tickets,causal_handling,sonnet,skill_off_update,OK,250,5,1250,0,0.0
customer_support_tickets,causal_handling,haiku,skill_on_e2e,OK,250,5,1250,25,0.02
customer_support_tickets,causal_handling,sonnet,skill_on_e2e,OK,250,8,2000,101,0.0505
customer_support_tickets,causal_handling,haiku,skill_on,OK,250,4,1000,0,0.0
customer_support_tickets,causal_handling,sonnet,skill_on,OK,250,11,2750,378,0.1375
customer_support_tickets,causal_reduce,haiku,skill_off_update,OK,250,3,750,0,0.0
customer_support_tickets,causal_reduce,sonnet,skill_off_update,OK,250,4,1000,0,0.0
customer_support_tickets,causal_reduce,haiku,skill_on_e2e,OK,250,6,1500,0,0.0
customer_support_tickets,causal_reduce,sonnet,skill_on_e2e,OK,250,10,2500,434,0.1736
customer_support_tickets,causal_reduce,haiku,skill_on,OK,250,9,2250,0,0.0
customer_support_tickets,causal_reduce,sonnet,skill_on,OK,250,10,2500,381,0.1524
customer_support_tickets,concept_attribute_operational,haiku,skill_off_update,OK,250,3,750,0,0.0
customer_support_tickets,concept_attribute_operational,sonnet,skill_off_update,OK,250,2,500,0,0.0
customer_support_tickets,concept_attribute_operational,haiku,skill_on_e2e,OK,250,4,1000,76,0.076
customer_support_tickets,concept_attribute_operational,sonnet,skill_on_e2e,OK,250,9,2250,85,0.0378
customer_support_tickets,concept_attribute_operational,haiku,skill_on,OK,250,9,2250,85,0.0378
customer_support_tickets,concept_attribute_operational,sonnet,skill_on,OK,250,9,2250,112,0.0498
customer_support_tickets,eda_resolution,haiku,skill_off_update,OK,250,1,250,0,0.0
customer_support_tickets,eda_resolution,sonnet,skill_off_update,OK,250,6,1500,0,0.0
customer_support_tickets,eda_resolution,haiku,skill_on_e2e,OK,250,4,1000,64,0.064
customer_support_tickets,eda_resolution,sonnet,skill_on_e2e,OK,250,8,2000,244,0.122
customer_support_tickets,eda_resolution,haiku,skill_on,OK,250,8,2000,114,0.057
customer_support_tickets,eda_resolution,sonnet,skill_on,OK,250,8,2000,78,0.039
customer_support_tickets,focus_inference,haiku,skill_off_update,OK,250,2,500,0,0.0
customer_support_tickets,focus_inference,sonnet,skill_off_update,OK,250,2,500,0,0.0
customer_support_tickets,focus_inference,haiku,skill_on_e2e,OK,250,3,750,0,0.0
customer_support_tickets,focus_inference,sonnet,skill_on_e2e,OK,250,7,1750,0,0.0
customer_support_tickets,focus_inference,haiku,skill_on,OK,250,3,750,75,0.1
customer_support_tickets,focus_inference,sonnet,skill_on,OK,250,7,1750,97,0.0554
customer_support_tickets,predictive_long,haiku,skill_off_update,OK,250,5,1250,0,0.0
customer_support_tickets,predictive_long,sonnet,skill_off_update,OK,250,9,2250,0,0.0
customer_support_tickets,predictive_long,haiku,skill_on_e2e,OK,250,6,1500,163,0.1087
customer_support_tickets,predictive_long,sonnet,skill_on_e2e,OK,250,9,2250,226,0.1004
customer_support_tickets,predictive_long,haiku,skill_on,OK,250,6,1500,22,0.0147
customer_support_tickets,predictive_long,sonnet,skill_on,OK,250,9,2250,186,0.0827
education_survey_responses,causal_improve,haiku,skill_off_update,OK,250,4,1000,96,0.096
education_survey_responses,causal_improve,sonnet,skill_off_update,OK,250,5,1250,0,0.0
education_survey_responses,causal_improve,haiku,skill_on_e2e,OK,250,7,1750,201,0.1149
education_survey_responses,causal_improve,sonnet,skill_on_e2e,OK,250,6,1500,213,0.142
education_survey_responses,causal_improve,haiku,skill_on,OK,250,7,1750,86,0.0491
education_survey_responses,causal_improve,sonnet,skill_on,OK,250,8,2000,423,0.2115
education_survey_responses,causal_low_satisfaction,haiku,skill_off_update,OK,250,7,1750,0,0.0
education_survey_responses,causal_low_satisfaction,sonnet,skill_off_update,OK,250,7,1750,79,0.0451
education_survey_responses,causal_low_satisfaction,haiku,skill_on_e2e,OK,250,9,2250,301,0.1338
education_survey_responses,causal_low_satisfaction,sonnet,skill_on_e2e,OK,250,8,2000,641,0.3205
education_survey_responses,causal_low_satisfaction,haiku,skill_on,OK,250,5,1250,35,0.028
education_survey_responses,causal_low_satisfaction,sonnet,skill_on,OK,250,8,2000,324,0.162
education_survey_responses,concept_attribute_needs,haiku,skill_off_update,OK,250,3,750,0,0.0
education_survey_responses,concept_attribute_needs,sonnet,skill_off_update,OK,250,4,1000,88,0.088
education_survey_responses,concept_attribute_needs,haiku,skill_on_e2e,OK,250,5,1250,0,0.0
education_survey_responses,concept_attribute_needs,sonnet,skill_on_e2e,OK,250,6,1500,136,0.0907
education_survey_responses,concept_attribute_needs,haiku,skill_on,OK,250,8,2000,1452,0.726
education_survey_responses,concept_attribute_needs,sonnet,skill_on,OK,250,7,1750,83,0.0474
education_survey_responses,eda_satisfaction,haiku,skill_off_update,OK,250,11,2750,8,0.0029
education_survey_responses,eda_satisfaction,sonnet,skill_off_update,OK,250,12,3000,0,0.0
education_survey_responses,eda_satisfaction,haiku,skill_on_e2e,OK,250,9,2250,0,0.0
education_survey_responses,eda_satisfaction,sonnet,skill_on_e2e,OK,250,7,1750,104,0.0594
education_survey_responses,eda_satisfaction,haiku,skill_on,OK,250,8,2000,0,0.0
education_survey_responses,eda_satisfaction,sonnet,skill_on,OK,250,9,2250,498,0.2213
education_survey_responses,focus_inference,haiku,skill_off_update,OK,250,9,2250,3,0.0013
education_survey_responses,focus_inference,sonnet,skill_off_update,OK,250,3,750,0,0.0
education_survey_responses,focus_inference,haiku,skill_on_e2e,OK,250,7,1750,0,0.0
education_survey_responses,focus_inference,sonnet,skill_on_e2e,OK,250,7,1750,0,0.0
education_survey_responses,focus_inference,haiku,skill_on,OK,250,4,1000,0,0.0
education_survey_responses,focus_inference,sonnet,skill_on,OK,250,8,2000,236,0.118
education_survey_responses,predictive_low,haiku,skill_off_update,OK,250,10,2500,0,0.0
education_survey_responses,predictive_low,sonnet,skill_off_update,OK,250,10,2500,0,0.0
education_survey_responses,predictive_low,haiku,skill_on_e2e,OK,250,6,1500,195,0.13
education_survey_responses,predictive_low,sonnet,skill_on_e2e,OK,250,8,2000,421,0.2105
education_survey_responses,predictive_low,haiku,skill_on,OK,250,9,2250,859,0.3818
education_survey_responses,predictive_low,sonnet,skill_on,OK,250,8,2000,0,0.0
flag_12,causal_improve,haiku,skill_off_update,OK,500,6,3000,0,0.0
flag_12,causal_improve,sonnet,skill_off_update,OK,500,4,2000,0,0.0
flag_12,causal_improve,haiku,skill_on_e2e,OK,500,7,3500,346,0.0989
flag_12,causal_improve,sonnet,skill_on_e2e,OK,500,5,2500,22,0.0088
flag_12,causal_improve,haiku,skill_on,OK,500,6,3000,0,0.0
flag_12,causal_improve,sonnet,skill_on,OK,500,7,3500,17,0.0049
flag_12,causal_inefficiency,haiku,skill_off_update,OK,500,7,3500,0,0.0
flag_12,causal_inefficiency,sonnet,skill_off_update,OK,500,6,3000,45,0.015
flag_12,causal_inefficiency,haiku,skill_on_e2e,OK,500,5,2500,0,0.0
flag_12,causal_inefficiency,sonnet,skill_on_e2e,OK,500,7,3500,0,0.0
flag_12,causal_inefficiency,haiku,skill_on,OK,500,8,4000,5,0.0013
flag_12,causal_inefficiency,sonnet,skill_on,OK,500,8,4000,0,0.0
flag_12,concept_attribute_inefficiency,haiku,skill_off_update,OK,500,6,3000,0,0.0
flag_12,concept_attribute_inefficiency,sonnet,skill_off_update,OK,500,4,2000,0,0.0
flag_12,concept_attribute_inefficiency,haiku,skill_on_e2e,OK,500,5,2500,5,0.002
flag_12,concept_attribute_inefficiency,sonnet,skill_on_e2e,OK,500,7,3500,20,0.0057
flag_12,concept_attribute_inefficiency,haiku,skill_on,OK,500,7,3500,323,0.0923
flag_12,concept_attribute_inefficiency,sonnet,skill_on,OK,500,8,4000,75,0.0187
flag_12,eda_efficiency,haiku,skill_off_update,OK,500,4,2000,0,0.0
flag_12,eda_efficiency,sonnet,skill_off_update,OK,500,6,3000,0,0.0
flag_12,eda_efficiency,haiku,skill_on_e2e,OK,500,6,3000,200,0.0667
flag_12,eda_efficiency,sonnet,skill_on_e2e,OK,500,8,4000,55,0.0138
flag_12,eda_efficiency,haiku,skill_on,OK,500,7,3500,0,0.0
flag_12,eda_efficiency,sonnet,skill_on,OK,500,8,4000,65,0.0163
flag_12,focus_inference,haiku,skill_off_update,OK,500,3,1500,0,0.0
flag_12,focus_inference,sonnet,skill_off_update,OK,500,4,2000,0,0.0
flag_12,focus_inference,haiku,skill_on_e2e,OK,500,9,4500,0,0.0
flag_12,focus_inference,sonnet,skill_on_e2e,OK,500,3,1500,22,0.0147
flag_12,focus_inference,haiku,skill_on,OK,500,6,3000,42,0.014
flag_12,focus_inference,sonnet,skill_on,OK,500,6,3000,549,0.183
flag_12,predictive_inefficient,haiku,skill_off_update,OK,500,5,2500,0,0.0
flag_12,predictive_inefficient,sonnet,skill_off_update,OK,500,6,3000,0,0.0
flag_12,predictive_inefficient,haiku,skill_on_e2e,OK,500,4,2000,0,0.0
flag_12,predictive_inefficient,sonnet,skill_on_e2e,OK,500,8,4000,1,0.0003
flag_12,predictive_inefficient,haiku,skill_on,OK,500,4,2000,0,0.0
flag_12,predictive_inefficient,sonnet,skill_on,OK,500,6,3000,2,0.0007
flag_13,causal_duration,haiku,skill_off_update,OK,500,14,7000,0,0.0
flag_13,causal_duration,sonnet,skill_off_update,OK,500,6,3000,0,0.0
flag_13,causal_duration,haiku,skill_on_e2e,OK,500,7,3500,2,0.0006
flag_13,causal_duration,sonnet,skill_on_e2e,OK,500,7,3500,0,0.0
flag_13,causal_duration,haiku,skill_on,OK,500,6,3000,0,0.0
flag_13,causal_duration,sonnet,skill_on,OK,500,7,3500,10,0.0029
flag_13,concept_attribute_operational,haiku,skill_off_update,OK,500,3,1500,0,0.0
flag_13,concept_attribute_operational,sonnet,skill_off_update,OK,500,3,1500,0,0.0
flag_13,concept_attribute_operational,haiku,skill_on_e2e,OK,500,5,2500,2,0.0008
flag_13,concept_attribute_operational,sonnet,skill_on_e2e,OK,500,6,3000,38,0.0127
flag_13,concept_attribute_operational,haiku,skill_on,OK,500,4,2000,0,0.0
flag_13,concept_attribute_operational,sonnet,skill_on,OK,500,7,3500,49,0.014
flag_13,eda_duration,haiku,skill_off_update,OK,500,4,2000,0,0.0
flag_13,eda_duration,sonnet,skill_off_update,OK,500,5,2500,0,0.0
flag_13,eda_duration,haiku,skill_on_e2e,OK,500,6,3000,0,0.0
flag_13,eda_duration,sonnet,skill_on_e2e,OK,500,6,3000,30,0.01
flag_13,eda_duration,haiku,skill_on,OK,500,6,3000,0,0.0
flag_13,eda_duration,sonnet,skill_on,OK,500,7,3500,31,0.0089
flag_13,focus_inference,haiku,skill_off_update,OK,500,5,2500,0,0.0
flag_13,focus_inference,sonnet,skill_off_update,OK,500,3,1500,0,0.0
flag_13,focus_inference,haiku,skill_on_e2e,OK,500,7,3500,6,0.0017
flag_13,focus_inference,sonnet,skill_on_e2e,OK,500,7,3500,9,0.0026
flag_13,focus_inference,haiku,skill_on,OK,500,7,3500,0,0.0
flag_13,focus_inference,sonnet,skill_on,OK,500,7,3500,111,0.0317
flag_13,predictive_long,haiku,skill_off_update,OK,500,4,2000,0,0.0
flag_13,predictive_long,sonnet,skill_off_update,OK,500,8,4000,0,0.0
flag_13,predictive_long,haiku,skill_on_e2e,OK,500,6,3000,0,0.0
flag_13,predictive_long,sonnet,skill_on_e2e,OK,500,6,3000,5,0.0017
flag_13,predictive_long,haiku,skill_on,OK,500,6,3000,0,0.0
flag_13,predictive_long,sonnet,skill_on,OK,500,8,4000,27,0.0067
flag_13,whatif_duration,haiku,skill_off_update,OK,500,3,1500,0,0.0
flag_13,whatif_duration,sonnet,skill_off_update,OK,500,3,1500,0,0.0
flag_13,whatif_duration,haiku,skill_on_e2e,OK,500,8,4000,100,0.025
flag_13,whatif_duration,sonnet,skill_on_e2e,OK,500,8,4000,3,0.0008
flag_13,whatif_duration,haiku,skill_on,OK,500,5,2500,0,0.0
flag_13,whatif_duration,sonnet,skill_on,OK,500,7,3500,1,0.0003
flag_19,causal_department,haiku,skill_off_update,OK,500,3,1500,0,0.0
flag_19,causal_department,sonnet,skill_off_update,OK,500,6,3000,167,0.0557
flag_19,causal_department,haiku,skill_on_e2e,OK,500,5,2500,102,0.0408
flag_19,causal_department,sonnet,skill_on_e2e,OK,500,7,3500,31,0.0089
flag_19,causal_department,haiku,skill_on,OK,500,5,2500,6,0.0024
flag_19,causal_department,sonnet,skill_on,OK,500,8,4000,2,0.0005
flag_19,causal_reduce,haiku,skill_off_update,OK,500,7,3500,334,0.0954
flag_19,causal_reduce,sonnet,skill_off_update,OK,500,6,3000,0,0.0
flag_19,causal_reduce,haiku,skill_on_e2e,OK,500,5,2500,0,0.0
flag_19,causal_reduce,sonnet,skill_on_e2e,OK,500,11,5500,6,0.0011
flag_19,causal_reduce,haiku,skill_on,OK,500,6,3000,0,0.0
flag_19,causal_reduce,sonnet,skill_on,OK,500,10,5000,6,0.0012
flag_19,concept_attribute_declined,haiku,skill_off_update,OK,500,3,1500,0,0.0
flag_19,concept_attribute_declined,sonnet,skill_off_update,OK,500,3,1500,1362,0.908
flag_19,concept_attribute_declined,haiku,skill_on_e2e,OK,500,7,3500,200,0.0571
flag_19,concept_attribute_declined,sonnet,skill_on_e2e,OK,500,9,4500,4,0.0009
flag_19,concept_attribute_declined,haiku,skill_on,OK,500,7,3500,40,0.0114
flag_19,concept_attribute_declined,sonnet,skill_on,OK,500,8,4000,0,0.0
flag_19,eda_declined,haiku,skill_off_update,OK,500,4,2000,0,0.0
flag_19,eda_declined,sonnet,skill_off_update,OK,500,6,3000,0,0.0
flag_19,eda_declined,haiku,skill_on_e2e,OK,500,4,2000,1,0.0005
flag_19,eda_declined,sonnet,skill_on_e2e,OK,500,8,4000,8,0.002
flag_19,eda_declined,haiku,skill_on,OK,500,6,3000,0,0.0
flag_19,eda_declined,sonnet,skill_on,OK,500,8,4000,7,0.0018
flag_19,focus_inference,haiku,skill_off_update,OK,500,4,2000,167,0.0835
flag_19,focus_inference,sonnet,skill_off_update,OK,500,4,2000,394,0.197
flag_19,focus_inference,haiku,skill_on_e2e,OK,500,6,3000,55,0.0183
flag_19,focus_inference,sonnet,skill_on_e2e,OK,500,11,5500,427,0.0776
flag_19,focus_inference,haiku,skill_on,OK,500,5,2500,2,0.0008
flag_19,focus_inference,sonnet,skill_on,OK,500,9,4500,28,0.0062
flag_19,predictive_declined,haiku,skill_off_update,OK,500,10,5000,0,0.0
flag_19,predictive_declined,sonnet,skill_off_update,OK,500,5,2500,0,0.0
flag_19,predictive_declined,haiku,skill_on_e2e,OK,500,8,4000,99,0.0248
flag_19,predictive_declined,sonnet,skill_on_e2e,OK,500,7,3500,6,0.0017
flag_19,predictive_declined,haiku,skill_on,OK,500,6,3000,1,0.0003
flag_19,predictive_declined,sonnet,skill_on,OK,500,9,4500,6,0.0013
flag_2,causal_delay,haiku,skill_off_update,OK,500,7,3500,128,0.0366
flag_2,causal_delay,sonnet,skill_off_update,OK,500,7,3500,256,0.0731
flag_2,causal_delay,haiku,skill_on_e2e,OK,500,4,2000,0,0.0
flag_2,causal_delay,sonnet,skill_on_e2e,OK,500,8,4000,312,0.078
flag_2,causal_delay,haiku,skill_on,OK,500,8,4000,2,0.0005
flag_2,causal_delay,sonnet,skill_on,OK,500,8,4000,28,0.007
flag_2,causal_reduce,haiku,skill_off_update,OK,500,4,2000,128,0.064
flag_2,causal_reduce,sonnet,skill_off_update,OK,500,6,3000,321,0.107
flag_2,causal_reduce,haiku,skill_on_e2e,OK,500,8,4000,107,0.0267
flag_2,causal_reduce,sonnet,skill_on_e2e,OK,500,11,5500,193,0.0351
flag_2,causal_reduce,haiku,skill_on,OK,500,7,3500,81,0.0231
flag_2,causal_reduce,sonnet,skill_on,OK,500,9,4500,186,0.0413
flag_2,concept_attribute_delay,haiku,skill_off_update,OK,500,4,2000,0,0.0
flag_2,concept_attribute_delay,sonnet,skill_off_update,OK,500,6,3000,128,0.0427
flag_2,concept_attribute_delay,haiku,skill_on_e2e,OK,500,7,3500,172,0.0491
flag_2,concept_attribute_delay,sonnet,skill_on_e2e,OK,500,8,4000,128,0.032
flag_2,concept_attribute_delay,haiku,skill_on,OK,500,6,3000,127,0.0423
flag_2,concept_attribute_delay,sonnet,skill_on,OK,500,10,5000,234,0.0468
flag_2,eda_resolution,haiku,skill_off_update,OK,500,3,1500,128,0.0853
flag_2,eda_resolution,sonnet,skill_off_update,OK,500,6,3000,0,0.0
flag_2,eda_resolution,haiku,skill_on_e2e,OK,500,7,3500,179,0.0511
flag_2,eda_resolution,sonnet,skill_on_e2e,OK,500,9,4500,139,0.0309
flag_2,eda_resolution,haiku,skill_on,OK,500,5,2500,114,0.0456
flag_2,eda_resolution,sonnet,skill_on,OK,500,11,5500,208,0.0378
flag_2,focus_inference,haiku,skill_off_update,OK,500,2,1000,0,0.0
flag_2,focus_inference,sonnet,skill_off_update,OK,500,3,1500,500,0.3333
flag_2,focus_inference,haiku,skill_on_e2e,OK,500,7,3500,77,0.022
flag_2,focus_inference,sonnet,skill_on_e2e,OK,500,6,3000,24,0.008
flag_2,focus_inference,haiku,skill_on,OK,500,4,2000,72,0.036
flag_2,focus_inference,sonnet,skill_on,OK,500,5,2500,3,0.0012
flag_2,predictive_long,haiku,skill_off_update,OK,500,10,5000,256,0.0512
flag_2,predictive_long,sonnet,skill_off_update,OK,500,10,5000,128,0.0256
flag_2,predictive_long,haiku,skill_on_e2e,OK,500,5,2500,86,0.0344
flag_2,predictive_long,sonnet,skill_on_e2e,OK,500,7,3500,141,0.0403
flag_2,predictive_long,haiku,skill_on,OK,500,5,2500,28,0.0112
flag_2,predictive_long,sonnet,skill_on,OK,500,9,4500,30,0.0067
flag_20,causal_declined,haiku,skill_off_update,OK,500,7,3500,0,0.0
flag_20,causal_declined,sonnet,skill_off_update,OK,500,5,2500,0,0.0
flag_20,causal_declined,haiku,skill_on_e2e,OK,500,7,3500,0,0.0
flag_20,causal_declined,sonnet,skill_on_e2e,OK,500,9,4500,1,0.0002
flag_20,causal_declined,haiku,skill_on,OK,500,7,3500,0,0.0
flag_20,causal_declined,sonnet,skill_on,OK,500,10,5000,136,0.0272
flag_20,causal_reduce,haiku,skill_off_update,OK,500,4,2000,0,0.0
flag_20,causal_reduce,sonnet,skill_off_update,OK,500,4,2000,205,0.1025
flag_20,causal_reduce,haiku,skill_on_e2e,OK,500,5,2500,0,0.0
flag_20,causal_reduce,sonnet,skill_on_e2e,OK,500,7,3500,25,0.0071
flag_20,causal_reduce,haiku,skill_on,OK,500,6,3000,0,0.0
flag_20,causal_reduce,sonnet,skill_on,OK,500,8,4000,401,0.1003
flag_20,concept_attribute_travel,haiku,skill_off_update,OK,500,3,1500,394,0.2627
flag_20,concept_attribute_travel,sonnet,skill_off_update,OK,500,3,1500,428,0.2853
flag_20,concept_attribute_travel,haiku,skill_on_e2e,OK,500,5,2500,42,0.0168
flag_20,concept_attribute_travel,sonnet,skill_on_e2e,OK,500,8,4000,557,0.1393
flag_20,concept_attribute_travel,haiku,skill_on,OK,500,8,4000,1,0.0003
flag_20,concept_attribute_travel,sonnet,skill_on,OK,500,9,4500,2,0.0004
flag_20,eda_declined,haiku,skill_off_update,OK,500,4,2000,0,0.0
flag_20,eda_declined,sonnet,skill_off_update,OK,500,8,4000,0,0.0
flag_20,eda_declined,haiku,skill_on_e2e,OK,500,8,4000,82,0.0205
flag_20,eda_declined,sonnet,skill_on_e2e,OK,500,9,4500,0,0.0
flag_20,eda_declined,haiku,skill_on,OK,500,8,4000,124,0.031
flag_20,eda_declined,sonnet,skill_on,OK,500,9,4500,0,0.0
flag_20,focus_inference,haiku,skill_off_update,OK,500,3,1500,0,0.0
flag_20,focus_inference,sonnet,skill_off_update,OK,500,4,2000,205,0.1025
flag_20,focus_inference,haiku,skill_on_e2e,OK,500,6,3000,0,0.0
flag_20,focus_inference,sonnet,skill_on_e2e,OK,500,7,3500,68,0.0194
flag_20,focus_inference,haiku,skill_on,OK,500,3,1500,0,0.0
flag_20,focus_inference,sonnet,skill_on,OK,500,9,4500,151,0.0336
flag_20,predictive_declined,haiku,skill_off_update,OK,500,3,1500,0,0.0
flag_20,predictive_declined,sonnet,skill_off_update,OK,500,8,4000,0,0.0
flag_20,predictive_declined,haiku,skill_on_e2e,OK,500,7,3500,0,0.0
flag_20,predictive_declined,sonnet,skill_on_e2e,OK,500,9,4500,0,0.0
flag_20,predictive_declined,haiku,skill_on,OK,500,8,4000,0,0.0
flag_20,predictive_declined,sonnet,skill_on,OK,500,9,4500,0,0.0
flag_28,causal_department,haiku,skill_off_update,OK,550,4,2200,0,0.0
flag_28,causal_department,sonnet,skill_off_update,OK,550,8,4400,0,0.0
flag_28,causal_department,haiku,skill_on_e2e,OK,550,4,2200,10,0.0045
flag_28,causal_department,sonnet,skill_on_e2e,OK,550,9,4950,68,0.0137
flag_28,causal_department,haiku,skill_on,OK,550,5,2750,44,0.016
flag_28,causal_department,sonnet,skill_on,OK,550,11,6050,92,0.0152
flag_28,concept_attribute_success,haiku,skill_off_update,OK,550,5,2750,0,0.0
flag_28,concept_attribute_success,sonnet,skill_off_update,OK,550,6,3300,0,0.0
flag_28,concept_attribute_success,haiku,skill_on_e2e,OK,550,7,3850,0,0.0
flag_28,concept_attribute_success,sonnet,skill_on_e2e,OK,550,8,4400,61,0.0139
flag_28,concept_attribute_success,haiku,skill_on,OK,550,4,2200,0,0.0
flag_28,concept_attribute_success,sonnet,skill_on,OK,550,10,5500,86,0.0156
flag_28,eda_achievement,haiku,skill_off_update,OK,550,4,2200,0,0.0
flag_28,eda_achievement,sonnet,skill_off_update,OK,550,4,2200,0,0.0
flag_28,eda_achievement,haiku,skill_on_e2e,OK,550,10,5500,8,0.0015
flag_28,eda_achievement,sonnet,skill_on_e2e,OK,550,9,4950,68,0.0137
flag_28,eda_achievement,haiku,skill_on,OK,550,8,4400,0,0.0
flag_28,eda_achievement,sonnet,skill_on,OK,550,9,4950,504,0.1018
flag_28,focus_inference,haiku,skill_off_update,OK,550,4,2200,407,0.185
flag_28,focus_inference,sonnet,skill_off_update,OK,550,4,2200,0,0.0
flag_28,focus_inference,haiku,skill_on_e2e,OK,550,5,2750,0,0.0
flag_28,focus_inference,sonnet,skill_on_e2e,OK,550,6,3300,58,0.0176
flag_28,focus_inference,haiku,skill_on,OK,550,6,3300,0,0.0
flag_28,focus_inference,sonnet,skill_on,OK,550,8,4400,63,0.0143
flag_28,predictive_high,haiku,skill_off_update,OK,550,5,2750,0,0.0
flag_28,predictive_high,sonnet,skill_off_update,OK,550,6,3300,0,0.0
flag_28,predictive_high,haiku,skill_on_e2e,OK,550,4,2200,11,0.005
flag_28,predictive_high,sonnet,skill_on_e2e,OK,550,11,6050,160,0.0264
flag_28,predictive_high,haiku,skill_on,OK,550,6,3300,0,0.0
flag_28,predictive_high,sonnet,skill_on,OK,550,11,6050,9,0.0015
flag_28,whatif_practices,haiku,skill_off_update,OK,550,4,2200,0,0.0
flag_28,whatif_practices,sonnet,skill_off_update,OK,550,5,2750,0,0.0
flag_28,whatif_practices,haiku,skill_on_e2e,OK,550,9,4950,0,0.0
flag_28,whatif_practices,sonnet,skill_on_e2e,OK,550,8,4400,156,0.0355
flag_28,whatif_practices,haiku,skill_on,OK,550,9,4950,72,0.0145
flag_28,whatif_practices,sonnet,skill_on,OK,550,10,5500,73,0.0133
flag_6,causal_agent,haiku,skill_off_update,OK,500,6,3000,22,0.0073
flag_6,causal_agent,sonnet,skill_off_update,OK,500,6,3000,22,0.0073
flag_6,causal_agent,haiku,skill_on_e2e,OK,500,5,2500,18,0.0072
flag_6,causal_agent,sonnet,skill_on_e2e,OK,500,6,3000,81,0.027
flag_6,causal_agent,haiku,skill_on,OK,500,6,3000,555,0.185
flag_6,causal_agent,sonnet,skill_on,OK,500,10,5000,186,0.0372
flag_6,concept_attribute_workload,haiku,skill_off_update,OK,500,3,1500,22,0.0147
flag_6,concept_attribute_workload,sonnet,skill_off_update,OK,500,4,2000,0,0.0
flag_6,concept_attribute_workload,haiku,skill_on_e2e,OK,500,7,3500,44,0.0126
flag_6,concept_attribute_workload,sonnet,skill_on_e2e,OK,500,7,3500,22,0.0063
flag_6,concept_attribute_workload,haiku,skill_on,OK,500,4,2000,24,0.012
flag_6,concept_attribute_workload,sonnet,skill_on,OK,500,8,4000,72,0.018
flag_6,focus_inference,haiku,skill_off_update,OK,500,4,2000,22,0.011
flag_6,focus_inference,sonnet,skill_off_update,OK,500,4,2000,144,0.072
flag_6,focus_inference,haiku,skill_on_e2e,OK,500,7,3500,55,0.0157
flag_6,focus_inference,sonnet,skill_on_e2e,OK,500,6,3000,33,0.011
flag_6,focus_inference,haiku,skill_on,OK,500,6,3000,54,0.018
flag_6,focus_inference,sonnet,skill_on,OK,500,6,3000,176,0.0587
flag_6,predictive_long,haiku,skill_off_update,OK,500,9,4500,22,0.0049
flag_6,predictive_long,sonnet,skill_off_update,OK,500,6,3000,0,0.0
flag_6,predictive_long,haiku,skill_on_e2e,OK,500,6,3000,11,0.0037
flag_6,predictive_long,sonnet,skill_on_e2e,OK,500,10,5000,29,0.0058
flag_6,predictive_long,haiku,skill_on,OK,500,6,3000,25,0.0083
flag_6,predictive_long,sonnet,skill_on,OK,500,8,4000,22,0.0055
flag_6,predictive_resolution,haiku,skill_off_update,OK,500,2,1000,0,0.0
flag_6,predictive_resolution,sonnet,skill_off_update,OK,500,4,2000,22,0.011
flag_6,predictive_resolution,haiku,skill_on_e2e,OK,500,4,2000,11,0.0055
flag_6,predictive_resolution,sonnet,skill_on_e2e,OK,500,7,3500,27,0.0077
flag_6,predictive_resolution,haiku,skill_on,OK,500,4,2000,33,0.0165
flag_6,predictive_resolution,sonnet,skill_on,OK,500,7,3500,42,0.012
flag_6,whatif_workload,haiku,skill_off_update,OK,500,4,2000,500,0.25
flag_6,whatif_workload,sonnet,skill_off_update,OK,500,5,2500,44,0.0176
flag_6,whatif_workload,haiku,skill_on_e2e,OK,500,6,3000,11,0.0037
flag_6,whatif_workload,sonnet,skill_on_e2e,OK,500,6,3000,64,0.0213
flag_6,whatif_workload,haiku,skill_on,OK,500,3,1500,11,0.0073
flag_6,whatif_workload,sonnet,skill_on,OK,500,7,3500,264,0.0754
flag_9,causal_hardware,haiku,skill_off_update,OK,600,5,3000,0,0.0
flag_9,causal_hardware,sonnet,skill_off_update,OK,600,5,3000,32,0.0107
flag_9,causal_hardware,haiku,skill_on_e2e,OK,600,11,6600,515,0.078
flag_9,causal_hardware,sonnet,skill_on_e2e,OK,600,5,3000,205,0.0683
flag_9,causal_hardware,haiku,skill_on,OK,600,7,4200,294,0.07
flag_9,causal_hardware,sonnet,skill_on,OK,600,5,3000,36,0.012
flag_9,concept_attribute_hardware,haiku,skill_off_update,OK,600,3,1800,1254,0.6967
flag_9,concept_attribute_hardware,sonnet,skill_off_update,OK,600,2,1200,418,0.3483
flag_9,concept_attribute_hardware,haiku,skill_on_e2e,OK,600,4,2400,525,0.2188
flag_9,concept_attribute_hardware,sonnet,skill_on_e2e,OK,600,5,3000,692,0.2307
flag_9,concept_attribute_hardware,haiku,skill_on,OK,600,4,2400,700,0.2917
flag_9,concept_attribute_hardware,sonnet,skill_on,OK,600,3,1800,229,0.1272
flag_9,eda_hardware,haiku,skill_off_update,OK,600,4,2400,0,0.0
flag_9,eda_hardware,sonnet,skill_off_update,OK,600,4,2400,779,0.3246
flag_9,eda_hardware,haiku,skill_on_e2e,OK,600,6,3600,98,0.0272
flag_9,eda_hardware,sonnet,skill_on_e2e,OK,600,4,2400,384,0.16
flag_9,eda_hardware,haiku,skill_on,OK,600,5,3000,130,0.0433
flag_9,eda_hardware,sonnet,skill_on,OK,600,6,3600,456,0.1267
flag_9,focus_inference,haiku,skill_off_update,OK,600,2,1200,418,0.3483
flag_9,focus_inference,sonnet,skill_off_update,OK,600,2,1200,836,0.6967
flag_9,focus_inference,haiku,skill_on_e2e,OK,600,4,2400,1122,0.4675
flag_9,focus_inference,sonnet,skill_on_e2e,OK,600,3,1800,602,0.3344
flag_9,focus_inference,haiku,skill_on,OK,600,3,1800,516,0.2867
flag_9,focus_inference,sonnet,skill_on,OK,600,3,1800,749,0.4161
flag_9,predictive_hardware,haiku,skill_off_update,OK,600,8,4800,0,0.0
flag_9,predictive_hardware,sonnet,skill_off_update,OK,600,6,3600,418,0.1161
flag_9,predictive_hardware,haiku,skill_on_e2e,OK,600,5,3000,402,0.134
flag_9,predictive_hardware,sonnet,skill_on_e2e,OK,600,9,5400,281,0.052
flag_9,predictive_hardware,haiku,skill_on,OK,600,7,4200,130,0.031
flag_9,predictive_hardware,sonnet,skill_on,OK,600,8,4800,26,0.0054
flag_9,whatif_hardware_causes,haiku,skill_off_update,OK,600,3,1800,418,0.2322
flag_9,whatif_hardware_causes,sonnet,skill_off_update,OK,600,2,1200,418,0.3483
flag_9,whatif_hardware_causes,haiku,skill_on_e2e,OK,600,6,3600,738,0.205
flag_9,whatif_hardware_causes,sonnet,skill_on_e2e,OK,600,4,2400,386,0.1608
flag_9,whatif_hardware_causes,haiku,skill_on,OK,600,5,3000,406,0.1353
flag_9,whatif_hardware_causes,sonnet,skill_on,OK,600,5,3000,673,0.2243
healthcare_visit_notes,causal_long_visit,haiku,skill_off_update,OK,250,4,1000,0,0.0
healthcare_visit_notes,causal_long_visit,sonnet,skill_off_update,OK,250,6,1500,0,0.0
healthcare_visit_notes,causal_long_visit,haiku,skill_on_e2e,OK,250,5,1250,0,0.0
healthcare_visit_notes,causal_long_visit,sonnet,skill_on_e2e,OK,250,10,2500,390,0.156
healthcare_visit_notes,causal_long_visit,haiku,skill_on,OK,250,7,1750,111,0.0634
healthcare_visit_notes,causal_long_visit,sonnet,skill_on,OK,250,11,2750,386,0.1404
healthcare_visit_notes,causal_triage,haiku,skill_off_update,OK,250,4,1000,0,0.0
healthcare_visit_notes,causal_triage,sonnet,skill_off_update,OK,250,6,1500,0,0.0
healthcare_visit_notes,causal_triage,haiku,skill_on_e2e,OK,250,5,1250,0,0.0
healthcare_visit_notes,causal_triage,sonnet,skill_on_e2e,OK,250,8,2000,526,0.263
healthcare_visit_notes,causal_triage,haiku,skill_on,OK,250,5,1250,0,0.0
healthcare_visit_notes,causal_triage,sonnet,skill_on,OK,250,8,2000,181,0.0905
healthcare_visit_notes,concept_attribute_patient,haiku,skill_off_update,OK,250,2,500,0,0.0
healthcare_visit_notes,concept_attribute_patient,sonnet,skill_off_update,OK,250,12,3000,0,0.0
healthcare_visit_notes,concept_attribute_patient,haiku,skill_on_e2e,OK,250,4,1000,0,0.0
healthcare_visit_notes,concept_attribute_patient,sonnet,skill_on_e2e,OK,250,7,1750,179,0.1023
healthcare_visit_notes,concept_attribute_patient,haiku,skill_on,OK,250,2,500,0,0.0
healthcare_visit_notes,concept_attribute_patient,sonnet,skill_on,OK,250,8,2000,183,0.0915
healthcare_visit_notes,eda_duration,haiku,skill_off_update,OK,250,3,750,0,0.0
healthcare_visit_notes,eda_duration,sonnet,skill_off_update,OK,250,5,1250,0,0.0
healthcare_visit_notes,eda_duration,haiku,skill_on_e2e,OK,250,6,1500,0,0.0
healthcare_visit_notes,eda_duration,sonnet,skill_on_e2e,OK,250,8,2000,324,0.162
healthcare_visit_notes,eda_duration,haiku,skill_on,OK,250,7,1750,79,0.0451
healthcare_visit_notes,eda_duration,sonnet,skill_on,OK,250,10,2500,317,0.1268
healthcare_visit_notes,focus_inference,haiku,skill_off_update,OK,250,6,1500,0,0.0
healthcare_visit_notes,focus_inference,sonnet,skill_off_update,OK,250,2,500,0,0.0
healthcare_visit_notes,focus_inference,haiku,skill_on_e2e,OK,250,5,1250,0,0.0
healthcare_visit_notes,focus_inference,sonnet,skill_on_e2e,OK,250,7,1750,8,0.0046
healthcare_visit_notes,focus_inference,haiku,skill_on,OK,250,3,750,0,0.0
healthcare_visit_notes,focus_inference,sonnet,skill_on,OK,250,7,1750,1,0.0006
healthcare_visit_notes,predictive_high,haiku,skill_off_update,OK,250,4,1000,0,0.0
healthcare_visit_notes,predictive_high,sonnet,skill_off_update,OK,250,7,1750,0,0.0
healthcare_visit_notes,predictive_high,haiku,skill_on_e2e,OK,250,6,1500,10,0.0067
healthcare_visit_notes,predictive_high,sonnet,skill_on_e2e,OK,250,9,2250,0,0.0
healthcare_visit_notes,predictive_high,haiku,skill_on,OK,250,6,1500,0,0.0
healthcare_visit_notes,predictive_high,sonnet,skill_on,OK,250,8,2000,243,0.1215
healthcare_visit_notes,predictive_long,haiku,skill_off_update,OK,250,6,1500,0,0.0
healthcare_visit_notes,predictive_long,sonnet,skill_off_update,OK,250,6,1500,0,0.0
healthcare_visit_notes,predictive_long,haiku,skill_on_e2e,OK,250,7,1750,95,0.0543
healthcare_visit_notes,predictive_long,sonnet,skill_on_e2e,OK,250,10,2500,767,0.3068
healthcare_visit_notes,predictive_long,haiku,skill_on,OK,250,6,1500,0,0.0
healthcare_visit_notes,predictive_long,sonnet,skill_on,OK,250,10,2500,364,0.1456
healthcare_visit_notes,predictive_visit,haiku,skill_off_update,OK,250,2,500,0,0.0
healthcare_visit_notes,predictive_visit,sonnet,skill_off_update,OK,250,3,750,0,0.0
healthcare_visit_notes,predictive_visit,haiku,skill_on_e2e,OK,250,5,1250,0,0.0
healthcare_visit_notes,predictive_visit,sonnet,skill_on_e2e,OK,250,8,2000,59,0.0295
healthcare_visit_notes,predictive_visit,haiku,skill_on,OK,250,5,1250,0,0.0
healthcare_visit_notes,predictive_visit,sonnet,skill_on,OK,250,10,2500,5,0.002
imdb_movie_reviews,causal_audience,haiku,skill_off_update,OK,250,5,1250,0,0.0
imdb_movie_reviews,causal_audience,sonnet,skill_off_update,OK,250,5,1250,0,0.0
imdb_movie_reviews,causal_audience,haiku,skill_on_e2e,OK,250,4,1000,296,0.296
imdb_movie_reviews,causal_audience,sonnet,skill_on_e2e,OK,250,7,1750,431,0.2463
imdb_movie_reviews,causal_audience,haiku,skill_on,OK,250,4,1000,0,0.0
imdb_movie_reviews,causal_audience,sonnet,skill_on,OK,250,8,2000,1216,0.608
imdb_movie_reviews,concept_attribute_praise,haiku,skill_off_update,OK,250,6,1500,430,0.2867
imdb_movie_reviews,concept_attribute_praise,sonnet,skill_off_update,OK,250,5,1250,442,0.3536
imdb_movie_reviews,concept_attribute_praise,haiku,skill_on_e2e,OK,250,6,1500,0,0.0
imdb_movie_reviews,concept_attribute_praise,sonnet,skill_on_e2e,OK,250,10,2500,829,0.3316
imdb_movie_reviews,concept_attribute_praise,haiku,skill_on,OK,250,1,250,135,0.54
imdb_movie_reviews,concept_attribute_praise,sonnet,skill_on,OK,250,10,2500,525,0.21
imdb_movie_reviews,eda_sentiment,haiku,skill_off_update,OK,250,6,1500,0,0.0
imdb_movie_reviews,eda_sentiment,sonnet,skill_off_update,OK,250,14,3500,0,0.0
imdb_movie_reviews,eda_sentiment,haiku,skill_on_e2e,OK,250,7,1750,71,0.0406
imdb_movie_reviews,eda_sentiment,sonnet,skill_on_e2e,OK,250,10,2500,0,0.0
imdb_movie_reviews,eda_sentiment,haiku,skill_on,OK,250,9,2250,563,0.2502
imdb_movie_reviews,eda_sentiment,sonnet,skill_on,OK,250,10,2500,288,0.1152
imdb_movie_reviews,focus_inference,haiku,skill_off_update,OK,250,2,500,29,0.058
imdb_movie_reviews,focus_inference,sonnet,skill_off_update,OK,250,10,2500,0,0.0
imdb_movie_reviews,focus_inference,haiku,skill_on_e2e,OK,250,5,1250,0,0.0
imdb_movie_reviews,focus_inference,sonnet,skill_on_e2e,OK,250,10,2500,1019,0.4076
imdb_movie_reviews,focus_inference,haiku,skill_on,OK,250,6,1500,0,0.0
imdb_movie_reviews,focus_inference,sonnet,skill_on,OK,250,8,2000,491,0.2455
imdb_movie_reviews,predictive_negative,haiku,skill_off_update,OK,250,4,1000,0,0.0
imdb_movie_reviews,predictive_negative,sonnet,skill_off_update,OK,250,10,2500,0,0.0
imdb_movie_reviews,predictive_negative,haiku,skill_on_e2e,OK,250,6,1500,0,0.0
imdb_movie_reviews,predictive_negative,sonnet,skill_on_e2e,OK,250,11,2750,204,0.0742
imdb_movie_reviews,predictive_negative,haiku,skill_on,OK,250,9,2250,1326,0.5893
imdb_movie_reviews,predictive_negative,sonnet,skill_on,OK,250,6,1500,304,0.2027
imdb_movie_reviews,whatif_complaints,haiku,skill_off_update,OK,250,3,750,202,0.2693
imdb_movie_reviews,whatif_complaints,sonnet,skill_off_update,OK,250,6,1500,0,0.0
imdb_movie_reviews,whatif_complaints,haiku,skill_on_e2e,OK,250,3,750,97,0.1293
imdb_movie_reviews,whatif_complaints,sonnet,skill_on_e2e,OK,250,9,2250,1362,0.6053
imdb_movie_reviews,whatif_complaints,haiku,skill_on,OK,250,4,1000,0,0.0
imdb_movie_reviews,whatif_complaints,sonnet,skill_on,OK,250,5,1250,1,0.0008
yelp_polarity_reviews,causal_improve,haiku,skill_off_update,OK,250,3,750,0,0.0
yelp_polarity_reviews,causal_improve,sonnet,skill_off_update,OK,250,7,1750,333,0.1903
yelp_polarity_reviews,causal_improve,haiku,skill_on_e2e,OK,250,7,1750,795,0.4543
yelp_polarity_reviews,causal_improve,sonnet,skill_on_e2e,OK,250,9,2250,560,0.2489
yelp_polarity_reviews,causal_improve,haiku,skill_on,OK,250,8,2000,0,0.0
yelp_polarity_reviews,causal_improve,sonnet,skill_on,OK,250,9,2250,525,0.2333
yelp_polarity_reviews,causal_negative,haiku,skill_off_update,OK,250,8,2000,0,0.0
yelp_polarity_reviews,causal_negative,sonnet,skill_off_update,OK,250,9,2250,0,0.0
yelp_polarity_reviews,causal_negative,haiku,skill_on_e2e,OK,250,5,1250,0,0.0
yelp_polarity_reviews,causal_negative,sonnet,skill_on_e2e,OK,250,9,2250,851,0.3782
yelp_polarity_reviews,causal_negative,haiku,skill_on,OK,250,10,2500,0,0.0
yelp_polarity_reviews,causal_negative,sonnet,skill_on,OK,250,8,2000,1086,0.543
yelp_polarity_reviews,concept_attribute_experience,haiku,skill_off_update,OK,250,3,750,0,0.0
yelp_polarity_reviews,concept_attribute_experience,sonnet,skill_off_update,OK,250,4,1000,345,0.345
yelp_polarity_reviews,concept_attribute_experience,haiku,skill_on_e2e,OK,250,8,2000,421,0.2105
yelp_polarity_reviews,concept_attribute_experience,sonnet,skill_on_e2e,OK,250,8,2000,257,0.1285
yelp_polarity_reviews,concept_attribute_experience,haiku,skill_on,OK,250,5,1250,52,0.0416
yelp_polarity_reviews,concept_attribute_experience,sonnet,skill_on,OK,250,8,2000,743,0.3715
yelp_polarity_reviews,eda_sentiment,haiku,skill_off_update,OK,250,9,2250,0,0.0
yelp_polarity_reviews,eda_sentiment,sonnet,skill_off_update,OK,250,8,2000,25,0.0125
yelp_polarity_reviews,eda_sentiment,haiku,skill_on_e2e,OK,250,6,1500,431,0.2873
yelp_polarity_reviews,eda_sentiment,sonnet,skill_on_e2e,OK,250,10,2500,923,0.3692
yelp_polarity_reviews,eda_sentiment,haiku,skill_on,OK,250,5,1250,358,0.2864
yelp_polarity_reviews,eda_sentiment,sonnet,skill_on,OK,250,13,3250,612,0.1883
yelp_polarity_reviews,focus_inference,haiku,skill_off_update,OK,250,8,2000,0,0.0
yelp_polarity_reviews,focus_inference,sonnet,skill_off_update,OK,250,9,2250,0,0.0
yelp_polarity_reviews,focus_inference,haiku,skill_on_e2e,OK,250,7,1750,55,0.0314
yelp_polarity_reviews,focus_inference,sonnet,skill_on_e2e,OK,250,9,2250,771,0.3427
yelp_polarity_reviews,focus_inference,haiku,skill_on,OK,250,6,1500,847,0.5647
yelp_polarity_reviews,focus_inference,sonnet,skill_on,OK,250,11,2750,1052,0.3825
yelp_polarity_reviews,predictive_low,haiku,skill_off_update,OK,250,7,1750,0,0.0
yelp_polarity_reviews,predictive_low,sonnet,skill_off_update,OK,250,9,2250,0,0.0
yelp_polarity_reviews,predictive_low,haiku,skill_on_e2e,OK,250,3,750,0,0.0
yelp_polarity_reviews,predictive_low,sonnet,skill_on_e2e,OK,250,9,2250,986,0.4382
yelp_polarity_reviews,predictive_low,haiku,skill_on,OK,250,7,1750,0,0.0
yelp_polarity_reviews,predictive_low,sonnet,skill_on,OK,250,8,2000,141,0.0705
